<project xmlns="http://maven.apache.org/POM/4.0.0" xmlns:xsi="http://www.w3.org/2001/XMLSchema-instance"
	xsi:schemaLocation="http://maven.apache.org/POM/4.0.0 http://maven.apache.org/xsd/maven-4.0.0.xsd">
	<modelVersion>4.0.0</modelVersion>

	<parent>
		<groupId>gov.uspto.cicm</groupId>
		<artifactId>uspto-corporate-pom</artifactId>
		<version>1.5.12.1</version>
	</parent>

	<groupId>gov.uspto.pe2e.cpc.ipc.rest.cloudforms</groupId>
	<artifactId>PE2E-CPC-IPC-REST-CF-BUNDLE</artifactId>
	<version>${version_number}</version> <!-- We want to use properties, so it can be overridden via command line -->
	<name>PE2E CPC IPC Cloudforms Bundle</name>
	<packaging>pom</packaging>
	<description></description>
	<properties>
		<version>2.6.2.0-SNAPSHOT</version> <!-- We are setting the version here, so it can be overridden via command line. -->
		<!-- restweb -->
		<restweb_layer>services</restweb_layer> <!-- Our desired layer name. (Must match Cloudforms) -->
		<restweb_server_type>tomcat</restweb_server_type> <!-- Our desired server type. (Must match Cloudforms) -->
		<restweb_release_number>2.6.2.0-SNAPSHOT</restweb_release_number>
		<restweb_subversion_prefix>trunk</restweb_subversion_prefix> <!-- The SVN prefix to use for relevant checkouts. (use tags/XXXYYYZZZ for builds from tags) -->
		<!-- END restweb -->
	</properties>
	
	<dependencies/>
	
	<build>
		<plugins>
			<!-- BEGIN BUILDING -->
			<!-- Disable compilation -->
			<plugin>
				<groupId>org.apache.maven.plugins</groupId>
				<artifactId>maven-compiler-plugin</artifactId>
				<version>3.2</version>
				<executions>
					<execution>
						<id>default-compile</id>
						<phase>none</phase>
					</execution>
				</executions>
			</plugin>
			<!-- END BUILDING -->
			
			<!-- BEGIN TESTING -->
			<!-- Disable Unit-Testing -->
			<plugin>
				<groupId>org.apache.maven.plugins</groupId>
				<artifactId>maven-surefire-plugin</artifactId>
				<version>2.9</version>
				<configuration>
					<skipTests>true</skipTests>
				</configuration>
			</plugin>
			<!-- END TESTING -->
			
			<!-- BEGIN PACKAGING -->
			
			<!-- Generate our properties file for version capturing. -->
			<plugin>
				<groupId>org.codehaus.mojo</groupId>
				<artifactId>properties-maven-plugin</artifactId>
				<version>1.0-alpha-2</version>
				<executions>
					<execution>
						<id>WriteVersions</id>
						<phase>package</phase>
						<goals>
							<goal>write-project-properties</goal>
						</goals>
						<configuration>
							<outputFile>${project.basedir}/tar-staging/versions.txt</outputFile>
						</configuration>
					</execution>
				</executions>
			</plugin>
			
			<!-- 
			   | Check out our configuration and prepare to copy it into the proper layout. 
			-->

			<plugin>
				<artifactId>maven-scm-plugin</artifactId>
				<version>1.9.2</version>
				<executions>
					<execution>
						<id>configuration</id>
						<phase>package</phase>
						<configuration>
							<connectionUrl>scm:svn:https://prod-cicm.uspto.gov/scm/svn/PE2E-CPC-IPC-DEV/${restweb_subversion_prefix}/cpcipcrest/config/environment</connectionUrl>
							<exportDirectory>${project.build.directory}/properties</exportDirectory>
						</configuration>
						<goals>
							<goal>export</goal>
						</goals>
					</execution>
				    <execution>
						<id>configuration2</id>
						<phase>none</phase>
						<configuration>
							<connectionUrl>scm:svn:https://prod-cicm.uspto.gov/scm/svn/PE2E-CPC-IPC-DEV/${restweb_subversion_prefix}/devops/</connectionUrl>
							<exportDirectory>${project.build.directory}/properties2</exportDirectory>
						</configuration>
						<goals>
							<goal>export</goal>
						</goals>
					</execution>
				</executions>
			</plugin>

			<!-- 
			   | Copy the configuration to the proper location within the bundle.
			-->
			<plugin>
				<artifactId>maven-antrun-plugin</artifactId>
				<version>1.7</version>
				<executions>
					<execution>
						<phase>package</phase>
						<configuration>
							<target>
	
								<!-- Copy properties for dev CPC IPC Services layer -->
								<copy todir="${project.basedir}/tar-staging/${restweb_layer}/${restweb_server_type}/environment/dev/">  <!--verbose="true"-->
									<fileset dir="${WORKSPACE}/cpcipcrest/config/environment/dev/" casesensitive="no">
									<include name="**/*" />
									</fileset>
								</copy>							
								<!-- END Copy properties for dev CPC IPC layer -->	
								
								
								
								<!-- Copy properties for sit CPC IPC Services layer -->
								<copy todir="${project.basedir}/tar-staging/${restweb_layer}/${restweb_server_type}/environment/sit/"> <!--verbose="true"-->
									<fileset dir="${WORKSPACE}/cpcipcrest/config/environment/sit/" casesensitive="no">
									<include name="**/*" />
									</fileset>
								</copy>		
								<!-- END Copy properties for sit CPC IPC layer -->	
								
								
								
								<!-- Copy properties for fqt CPC IPC Services layer -->
								<copy todir="${project.basedir}/tar-staging/${restweb_layer}/${restweb_server_type}/environment/fqt/"> <!--verbose="true"-->
									<fileset dir="${WORKSPACE}/cpcipcrest/config/environment/fqt/" casesensitive="no">
									<include name="**/*" />
									</fileset>
								</copy>										
								<!-- END Copy properties for fqt CPC IPC layer -->

								<!-- Copy properties for pvt CPC IPC Services layer -->
								<copy todir="${project.basedir}/tar-staging/${restweb_layer}/${restweb_server_type}/environment/pvt/">--> <!--verbose="true"-->
									<fileset dir="${WORKSPACE}/cpcipcrest/config/environment/pvt/" casesensitive="no">
									<include name="**/*" />
									</fileset>
								</copy>							
								<!-- END Copy properties for pvt CPC IPC layer -->
								
								<!-- Copy properties for prod CPC IPC Services layer -->
								<copy todir="${project.basedir}/tar-staging/${restweb_layer}/${restweb_server_type}/environment/prod/"> <!--verbose="true"-->
									<fileset dir="${WORKSPACE}/cpcipcrest/config/environment/prod/" casesensitive="no">
									<include name="**/*" />
									</fileset>
								</copy>								
								<!-- END Copy properties for prod CPC IPC layer -->
								
														
							</target>
						</configuration>
						<goals>
							<goal>run</goal>
						</goals>
					</execution>
				</executions>
			</plugin>
			


			
			<!-- restweb -->
			<!--
			  | The automation requires the folders exist, even if they are unused, we need to set up the directory structure here.
			-->
			<plugin>
				<artifactId>maven-antrun-plugin</artifactId>
				<executions>
					<execution>
						<id>generate-sources</id>
						<phase>generate-sources</phase>
						<configuration>
							<tasks>
								<mkdir dir="${project.basedir}/tar-staging/${restweb_layer}/${restweb_server_type}/artifacts/classpath"/>
								<mkdir dir="${project.basedir}/tar-staging/${restweb_layer}/${restweb_server_type}/artifacts/non_classpath"/>
								<mkdir dir="${project.basedir}/tar-staging/${restweb_layer}/${restweb_server_type}/environment/dev/classpath"/>
								<mkdir dir="${project.basedir}/tar-staging/${restweb_layer}/${restweb_server_type}/environment/dev/non_classpath"/>
								<mkdir dir="${project.basedir}/tar-staging/${restweb_layer}/${restweb_server_type}/environment/sit/classpath"/>
								<mkdir dir="${project.basedir}/tar-staging/${restweb_layer}/${restweb_server_type}/environment/sit/non_classpath"/>
								<mkdir dir="${project.basedir}/tar-staging/${restweb_layer}/${restweb_server_type}/environment/fqt/classpath"/>
								<mkdir dir="${project.basedir}/tar-staging/${restweb_layer}/${restweb_server_type}/environment/fqt/non_classpath"/>
								<mkdir dir="${project.basedir}/tar-staging/${restweb_layer}/${restweb_server_type}/environment/pvt/classpath"/>
								<mkdir dir="${project.basedir}/tar-staging/${restweb_layer}/${restweb_server_type}/environment/pvt/non_classpath"/>
								<mkdir dir="${project.basedir}/tar-staging/${restweb_layer}/${restweb_server_type}/environment/prod/classpath"/>
								<mkdir dir="${project.basedir}/tar-staging/${restweb_layer}/${restweb_server_type}/environment/prod/non_classpath"/>
							</tasks>
						</configuration>
						<goals>
							<goal>run</goal>
						</goals>
					</execution>
				</executions>
			</plugin>
			
			<plugin>
				<groupId>org.apache.maven.plugins</groupId>
				<artifactId>maven-dependency-plugin</artifactId>
				<version>2.9</version>
				<executions>
					<execution>
						<id>restweb-download</id>
						<phase>package</phase>
						<goals>
							<goal>copy</goal>
						</goals>
						<configuration>
							<artifactItems>
								<artifactItem>
									<groupId>gov.uspto.pe2e.cpc.ipc.rest</groupId>
									<artifactId>cpcipcrestweb</artifactId>
									<version>${restweb_release_number}</version>
									<type>war</type>
									<destFileName>cpcipcrestweb.war</destFileName>
								</artifactItem>
							</artifactItems>
							<outputDirectory>${project.basedir}/tar-staging/${restweb_layer}/${restweb_server_type}/artifacts/</outputDirectory>
						</configuration>
					</execution>
				</executions>
			</plugin>
			
			<!-- End restweb -->
			
			<!-- We want to archive our results.-->
			<plugin>
				<artifactId>maven-assembly-plugin</artifactId>
				<version>2.4</version>
				<configuration>
					<descriptors>
						<descriptor>${project.basedir}/tar.xml</descriptor>
					</descriptors>
					<outputDirectory>${project.basedir}</outputDirectory>
				</configuration>
				<executions>
					<execution>
						<id>tar</id>
						<phase>package</phase>
						<goals>
							<goal>single</goal>
						</goals>
					</execution>
				</executions>
			</plugin>
			<!-- END PACKAGING -->
			
			<!-- BEGIN CLEANUP -->
			<!--    We need to tell the mvn clean stage to also removed the created zip, when found, and to run a VS cleanup as well. -->
			<plugin>
				<artifactId>maven-clean-plugin</artifactId>
				<version>2.5</version>
				<configuration>
					<filesets>
						<fileset>
							<directory>${project.basedir}</directory>
							<includes>
								<include>*-bin.tar</include>
							</includes>
							<excludes>
							</excludes>
						</fileset>
						<fileset>
							<directory>${project.basedir}/tar-staging</directory>
						</fileset>
					</filesets>
				</configuration>
			</plugin>
			<!-- END CLEANUP -->
		</plugins>
	</build>
	
	<!--<distributionManagement>
		<repository>
			<id>releases</id>
			<url>https://prod-cicm.uspto.gov/nexus/content/repositories/releases</url>
		</repository>
		<snapshotRepository>
			<id>snapshots</id>
			<url>https://prod-cicm.uspto.gov/nexus/content/repositories/snapshots</url>
		</snapshotRepository>
	</distributionManagement>-->
</project>  
