<?xml version="1.0" encoding="UTF-8"?>
<configuration debug="false" scan="true" scanPeriod="30 minutes">
	<property name="BASE_DIR" value="${catalina.home}"/>
	<if condition='isNull("catalina.home")'>
   		<then>
			<property name="BASE_DIR" value="${user.home}"/>
   		</then>
   	</if> 
 	<property name="LOG_DIR" value="${BASE_DIR}/logs" />
    <appender name="STDOUT" class="ch.qos.logback.core.ConsoleAppender">
        <!-- encoders are assigned the type
        ch.qos.logback.classic.encoder.PatternLayoutEncoder by default -->
        <encoder>
        	<pattern>%d{yyyy-MM-dd HH:mm:ss.SSS} %-5level [%thread] %C:%L %msg%n</pattern>
        </encoder>
    </appender>
      <appender name="FILE"
              class="ch.qos.logback.core.rolling.RollingFileAppender">
        <File>${LOG_DIR}/msa.log</File>
        <encoder>
           <pattern>%d{yyyy-MM-dd HH:mm:ss.SSS} %-5level [%thread] %C:%L %msg%n</pattern>
        </encoder>

        <rollingPolicy class="ch.qos.logback.core.rolling.FixedWindowRollingPolicy">
            <FileNamePattern>${LOG_DIR}/msa.%i.log.zip
            </FileNamePattern>
            <MinIndex>1</MinIndex>
            <MaxIndex>10</MaxIndex>
        </rollingPolicy>

        <triggeringPolicy
                class="ch.qos.logback.core.rolling.SizeBasedTriggeringPolicy">
            <MaxFileSize>5MB</MaxFileSize>
        </triggeringPolicy>
    </appender>
    <root level="debug">
        <appender-ref ref="STDOUT" />
        <appender-ref ref="FILE" />
    </root>
    
    <logger name="org.springframework" level="WARN" />
    <logger name="org.springframework.security" level="DEBUG"/>
    <logger name="org.hibernate" level="WARN"/>
    <logger name="org.hibernate.tool.hbm2ddl.SchemaExport" level="FATAL"/>
    <logger name="org.dbunit" level="WARN"/>
    <logger name="org.apache" level="ERROR"/>
    <logger name="org.eclipse.jetty.util.component.AbstractLifeCycle" level="WARN"/>
    <logger name="gov.uspto" level="DEBUG" />
    
</configuration>
