<?xml version="1.0" encoding="UTF-8"?>

<!-- For assistance related to logback-translator or configuration  -->
<!-- files in general, please contact the logback user mailing list -->
<!-- at http://www.qos.ch/mailman/listinfo/logback-user             -->
<!--                                                                -->
<!-- For professional support please see                            -->
<!--    http://www.qos.ch/shop/products/professionalSupport         -->
<!--                                                                -->
<configuration>
  <appender name="R" class="ch.qos.logback.core.rolling.RollingFileAppender">
    <!--See also http://logback.qos.ch/manual/appenders.html#RollingFileAppender-->
    <File>${catalina.home}/logs/catalina.log</File>
    <encoder>
      <pattern>[%p] %d %c %M:%L - %m%n</pattern>
    </encoder>
    <filter class="ch.qos.logback.classic.filter.ThresholdFilter">
      <level>INFO</level>
    </filter>
    <rollingPolicy class="ch.qos.logback.core.rolling.FixedWindowRollingPolicy">
      <maxIndex>50</maxIndex>
      <FileNamePattern>${catalina.home}/logs/catalina.log.%i</FileNamePattern>
    </rollingPolicy>
    <triggeringPolicy class="ch.qos.logback.core.rolling.SizeBasedTriggeringPolicy">
      <MaxFileSize>20MB</MaxFileSize>
    </triggeringPolicy>
  </appender>
  <appender name="stdout" class="ch.qos.logback.core.ConsoleAppender">
    <encoder>
      <pattern>%d %-5p [%c{3}]:%L %m%n</pattern>
    </encoder>
  </appender>
  <logger name="gov.uspto" level="debug"/>
  <logger name="com.activiti.extension.bean.uspto.listener" level="debug"/>
  <root level="ERROR">
    <appender-ref ref="R"/>
    <appender-ref ref="stdout"/>
  </root>
</configuration>
